Month,AC_Energy_kWh,
Jan,49466.26597,
Feb,56563.17194,
Mar,76734.25697,
Apr,74394.60892,
May,70936.73069,
Jun,122997.4037,
Jul,180115.8385,
Aug,197170.9232,
Sep,142462.853,
Oct,122146.9215,
Nov,96826.23077,
Dec,91679.1685,
,,
Annual,"1,281,494.37",kWh
