Month,AC_Energy_kWh
Jan,99046.4896829179
Feb,116518.71264590666
Mar,151016.80543533323
Apr,143383.9081418808
May,151941.79440523393
Jun,114353.52892158084
Jul,135332.0680984984
Aug,147444.21989132153
Sep,118640.81487219057
Oct,121992.25003795631
Nov,102704.93221656134
Dec,96759.85126468359
